{
    "0": {
        "precision": 0.0,
        "recall": 0.0,
        "f1-score": 0.0,
        "support": 12.0
    },
    "1": {
        "precision": 0.7857142857142857,
        "recall": 1.0,
        "f1-score": 0.88,
        "support": 44.0
    },
    "accuracy": 0.7857142857142857,
    "macro avg": {
        "precision": 0.39285714285714285,
        "recall": 0.5,
        "f1-score": 0.44,
        "support": 56.0
    },
    "weighted avg": {
        "precision": 0.6173469387755102,
        "recall": 0.7857142857142857,
        "f1-score": 0.6914285714285714,
        "support": 56.0
    }
}